file,label,score
001.png,CLEAN,0.3518034790619595
002.png,CLEAN,0.32079509720241794
